journey_id,signature,dimension,lifespan,birth_tau,death_tau,has_reentry,component_id,glued_with_count,witnesses
journey_0,success_love_poem,0,17,0,17,True,0,320,property;goal;something;records;born;yourself;capital;date;another;private;nothing;challenges;anything;feel;success
journey_1,hard_love_never,0,1,0,0,False,0,124,chorus;little;success;down;hard;night;poem;bring;always;music;place;never;voice;work;love
journey_2,work_love_poem,0,28,0,27,False,0,357,property;goal;born;records;product;culture;date;capital;cover;private;anything;feel;success;provide;space
journey_3,sound_voice_love,0,28,0,28,True,0,366,critical;property;goal;born;records;something;product;yourself;capital;date;another;cover;private;challenges;anything
journey_4,power_love_poem,0,37,0,36,False,0,403,critical;plan;property;goal;born;records;something;product;main;date;capital;cover;paragraph;basin;prove
journey_5,hard_love_never,0,1,0,0,False,0,124,chorus;little;success;down;hard;night;poem;bring;always;music;place;never;voice;work;love
journey_6,work_love_poem,0,1,0,0,False,0,124,chorus;little;success;journey;hard;night;poem;bring;music;place;house;never;voice;work;love
journey_7,success_love_poem,0,15,0,15,True,0,369,critical;property;goal;born;date;capital;another;separate;private;success;provide;space;ensure;time;dark
journey_8,woman_love_poem,0,1,0,0,False,0,124,woman;little;success;chorus;night;poem;bring;song;music;place;house;never;voice;work;love
journey_9,great_love_never,0,1,0,0,False,0,122,poernomo;chorus;little;success;hard;poem;bring;music;place;great;never;voice;sweet;work;love
journey_10,success_love_poem,0,1,0,0,False,0,122,chorus;little;success;journey;night;poem;bring;music;place;verse;never;help;voice;work;love
journey_11,spirit_love_poem,0,1,0,0,False,0,123,chorus;little;success;journey;spirit;poem;bring;night;soul;music;place;never;voice;work;love
journey_12,tell_love_bring,0,1,0,0,False,0,123,poernomo;chorus;little;success;hard;poem;bring;music;place;tell;never;help;voice;work;love
journey_13,iman_poernomo_love,0,1,0,0,False,0,123,poernomo;iman;little;success;chorus;night;poem;bring;music;place;heart;never;voice;work;love
journey_14,poernomo_iman_love,0,1,0,0,False,0,122,poernomo;iman;little;success;chorus;night;poem;bring;music;place;verse;never;voice;work;love
journey_15,iman_poernomo_love,0,1,0,0,False,0,123,poernomo;iman;little;success;chorus;night;poem;bring;music;place;heart;never;voice;work;love
journey_16,poernomo_iman_love,0,1,0,0,False,0,122,poernomo;iman;little;success;chorus;night;poem;bring;music;place;verse;never;voice;work;love
journey_17,known_love_never,0,1,0,0,False,0,122,poernomo;chorus;little;success;known;hard;night;poem;bring;music;place;never;voice;work;love
journey_18,known_love_never,0,1,0,0,False,0,122,poernomo;chorus;little;success;known;hard;night;poem;bring;music;place;never;voice;work;love
journey_19,creative_love_poem,0,1,0,0,False,0,121,chorus;little;success;journey;poem;bring;creative;music;place;creativity;never;voice;sweet;work;love
journey_20,approach_love_success,0,36,0,36,True,0,398,critical;plan;property;goal;records;product;culture;date;capital;cover;paragraph;basin;coherence;scheduler;private
journey_21,making_love_bring,0,19,0,19,True,0,328,critical;property;goal;born;records;date;capital;private;challenges;anything;feel;success;provide;space;play
journey_22,large_love_little,0,26,0,26,True,0,354,critical;property;goal;records;product;complex;square;yourself;capital;date;another;cover;private;anything;feel
journey_23,following_love_never,0,1,0,0,False,0,123,poernomo;chorus;little;success;night;poem;bring;following;always;music;place;never;voice;work;love
journey_24,social_love_poem,0,1,0,0,False,0,123,social;chorus;little;success;poernomo;night;poem;bring;song;music;place;never;voice;work;love
journey_25,beautiful_love_poem,0,1,0,0,False,0,121,chorus;little;success;night;poem;bring;music;voice;place;great;beautiful;never;sweet;work;love
journey_26,poernomo_iman_love,0,1,0,0,False,0,122,poernomo;iman;little;success;chorus;night;poem;bring;music;place;verse;never;voice;work;love
journey_27,journey_love_poem,0,1,0,0,False,0,123,chorus;little;success;journey;night;poem;bring;spirit;music;place;heart;never;voice;work;love
journey_28,success_love_poem,0,36,0,36,True,0,407,critical;plan;property;goal;born;records;something;product;clarity;date;capital;cover;paragraph;basin;keep
journey_29,began_love_never,0,1,0,0,False,0,122,poernomo;chorus;little;success;hard;night;poem;bring;music;place;began;never;voice;work;love
journey_30,making_love_bring,0,15,0,15,True,0,369,critical;property;goal;born;records;yourself;capital;date;private;challenges;success;provide;space;ensuring;ensure
journey_31,later_love_never,0,36,0,36,True,0,403,critical;white;property;goal;born;records;something;product;date;capital;cover;another;paragraph;basin;recursive
journey_32,study_poem_love,0,1,0,0,False,0,123,chorus;little;success;study;night;poem;bring;song;music;place;verse;never;voice;work;love
journey_33,developed_love_poem,0,29,0,29,True,0,367,critical;property;goal;something;records;born;product;yourself;capital;date;keep;cover;recursive;private;challenges
journey_34,signature_love_poem,0,27,0,26,False,0,354,critical;property;goal;born;records;product;complex;square;date;capital;cover;another;private;choice;challenges
journey_35,studies_poem_love,0,1,0,0,False,0,123,chorus;little;success;night;poem;bring;song;studies;music;place;verse;never;voice;work;love
journey_36,poernomo_iman_love,0,1,0,0,False,0,122,poernomo;iman;little;success;chorus;night;poem;bring;music;place;verse;never;voice;work;love
journey_37,worked_love_bring,0,37,0,36,False,0,404,property;goal;born;records;something;product;complex;date;capital;cover;another;paragraph;basin;recursive;coherence
journey_38,number_love_poem,0,36,0,36,True,0,399,critical;property;goal;born;records;something;product;compare;date;capital;cover;paragraph;basin;recursive;coherence
journey_39,known_love_never,0,1,0,0,False,0,122,poernomo;chorus;little;success;known;hard;night;poem;bring;music;place;never;voice;work;love
journey_40,opening_love_success,0,1,0,0,False,0,122,chorus;little;success;journey;night;poem;bring;music;place;verse;never;opening;voice;work;love
journey_41,become_love_bring,0,1,0,0,False,0,122,poernomo;chorus;little;success;feel;always;poem;bring;music;place;become;never;voice;work;love
journey_42,city_love_poem,0,5,0,4,False,0,240,down;property;goal;records;address;another;developed;house;language;help;business;analysis;love;quality;used
journey_43,following_love_never,0,1,0,0,False,0,123,poernomo;chorus;little;success;night;poem;bring;following;always;music;place;never;voice;work;love
journey_44,among_love_bring,0,1,0,0,False,0,121,poernomo;chorus;little;success;night;poem;bring;around;music;place;among;voice;never;work;love
journey_45,running_love_poem,0,21,0,21,True,0,344,critical;property;goal;born;records;product;date;capital;cover;another;private;anything;feel;success;provide
journey_46,poernomo_iman_love,0,1,0,0,False,0,122,poernomo;iman;little;success;chorus;night;poem;bring;music;place;verse;never;voice;work;love
journey_47,shows_love_bring,0,36,0,36,True,0,408,critical;property;goal;born;records;product;symbolic;apply;date;serve;capital;cover;paragraph;basin;recursive
journey_48,various_love_never,0,30,0,30,True,0,372,critical;property;goal;born;records;something;product;typing;yourself;capital;date;another;cover;relational;recursive
journey_49,events_love_poem,0,1,0,0,False,0,123,chorus;little;success;journey;night;poem;bring;song;music;place;events;never;voice;work;love
journey_50,further_love_never,0,37,0,36,False,0,408,property;goal;born;records;something;product;date;capital;cover;another;paragraph;relational;recursive;keep;coherence
journey_51,creative_love_poem,0,36,0,36,True,0,406,critical;property;goal;born;records;something;product;behavior;trust;yourself;capital;date;cover;paragraph;basin
journey_52,love_never_poem,0,1,0,0,False,0,123,poernomo;chorus;little;success;night;poem;bring;music;place;heart;never;voice;sweet;work;love
journey_53,poem_love_song,0,1,0,0,False,0,123,chorus;little;success;journey;night;poem;bring;song;music;place;verse;never;voice;work;love
journey_54,iman_poernomo_love,0,1,0,0,False,0,123,poernomo;iman;little;success;chorus;night;poem;bring;music;place;heart;never;voice;work;love
journey_55,poernomo_iman_love,0,1,0,0,False,0,122,poernomo;iman;little;success;chorus;night;poem;bring;music;place;verse;never;voice;work;love
journey_56,comes_love_bring,0,36,0,36,True,0,407,property;goal;born;something;product;apply;crucial;date;serve;capital;cover;keep;paragraph;recursive;basin
journey_57,comes_love_bring,0,29,0,29,True,0,368,critical;property;goal;something;born;records;product;date;serve;cover;another;recursive;private;challenges;anything
journey_58,london_love_poem,0,1,0,0,False,0,121,poernomo;chorus;iman;success;little;night;poem;bring;music;place;london;never;voice;work;love
journey_59,three_love_never,0,33,0,33,True,0,381,critical;property;goal;something;records;born;product;complex;date;capital;cover;another;paragraph;relational;recursive
journey_60,children_love_poem,0,1,0,0,False,0,123,chorus;little;success;night;poem;bring;children;song;music;place;verse;never;voice;work;love
journey_61,isaac_poernomo_iman,0,1,0,0,False,0,122,poernomo;iman;little;success;chorus;work;night;poem;bring;music;place;never;voice;isaac;love
journey_62,children_love_poem,0,36,0,36,True,0,407,property;goal;born;records;something;product;yourself;capital;date;another;cover;paragraph;recursive;basin;coherence
journey_63,beautiful_love_poem,0,1,0,0,False,0,121,chorus;little;success;night;poem;bring;music;voice;place;great;beautiful;never;sweet;work;love
journey_64,iman_poernomo_love,0,1,0,0,False,0,123,poernomo;iman;little;success;chorus;night;poem;bring;music;place;heart;never;voice;work;love
journey_65,short_love_poem,0,11,0,10,False,0,277,property;goal;starting;date;capital;another;success;provide;ensuring;ensure;time;sweet;hard;better;music
journey_66,dark_love_poem,0,1,0,0,False,0,122,poernomo;chorus;little;success;night;poem;bring;music;place;dark;never;voice;sweet;work;love
journey_67,type_love_poem,0,1,0,0,False,0,122,poernomo;chorus;little;success;night;poem;bring;type;music;place;name;never;voice;work;love
journey_68,theory_poem_love,0,36,0,36,True,0,407,critical;property;goal;born;records;something;product;complex;culture;date;capital;cover;paragraph;basin;recursive
journey_69,theology_poem_love,0,1,0,0,False,0,123,chorus;little;success;night;poem;bring;song;music;place;verse;theology;never;voice;work;love
journey_70,others_love_never,0,5,0,4,False,0,242,down;property;goal;something;address;lead;yourself;another;developed;once;language;help;business;analysis;love
journey_71,cannot_love_never,0,1,0,0,False,0,123,poernomo;chorus;little;success;hard;always;poem;bring;cannot;music;place;never;voice;work;love
journey_72,poem_love_song,0,1,0,0,False,0,123,chorus;little;success;journey;night;poem;bring;song;music;place;verse;never;voice;work;love
journey_73,explicit_love_poem,0,1,0,0,False,0,123,chorus;little;success;night;poem;bring;song;music;place;verse;never;voice;explicit;work;love
journey_74,writing_love_poem,0,6,0,5,False,0,262,down;writing;journey;goal;property;learning;records;women;request;address;entry;array;public;developed;language
journey_75,explicit_love_poem,0,1,0,0,False,0,123,chorus;little;success;night;poem;bring;song;music;place;verse;never;voice;explicit;work;love
journey_76,themes_poem_love,0,18,0,17,False,0,339,critical;property;goal;records;date;capital;private;anything;feel;success;provide;space;find;ensure;quite
journey_77,particularly_love_never,0,1,0,0,False,0,123,poernomo;chorus;little;success;particularly;hard;always;poem;bring;music;place;never;voice;work;love
journey_78,context_love_poem,0,37,0,36,False,0,402,critical;property;goal;born;records;ledger;something;product;complex;date;capital;cover;another;panel;syntax
journey_79,goes_love_bring,0,11,0,10,False,0,277,property;goal;records;yourself;capital;date;another;choice;success;provide;ensure;time;bank;hard;point
journey_80,against_love_bring,0,11,0,10,False,0,276,property;goal;builds;date;capital;another;against;challenges;success;provide;play;ensuring;ensure;time;hard
journey_81,policy_love_poem,0,36,0,36,True,0,405,property;goal;something;records;product;date;capital;cover;paragraph;basin;keep;recursive;coherence;status;scheduler
journey_82,creation_love_success,0,36,0,36,True,0,408,property;goal;born;records;something;product;date;capital;cover;paragraph;keep;basin;prove;coherence;reading
journey_83,nature_love_poem,0,36,0,36,True,0,403,critical;feedback;property;goal;born;records;product;culture;yourself;capital;date;another;cover;paragraph;recursive
journey_84,happy_love_never,0,1,0,0,False,0,122,chorus;little;success;hard;poem;bring;happy;music;place;great;never;voice;sweet;work;love
journey_85,help_love_bring,0,36,0,36,True,0,409,property;goal;something;records;born;product;behavior;complex;culture;date;capital;sets;another;keep;cover
journey_86,poem_love_song,0,1,0,0,False,0,123,chorus;little;success;journey;night;poem;bring;song;music;place;verse;never;voice;work;love
journey_87,voice_love_poem,0,11,0,10,False,0,276,property;goal;records;apply;date;capital;choice;success;provide;create;ensuring;ensure;time;processing;music
journey_88,powerful_love_success,0,36,0,36,True,0,404,property;goal;something;records;born;product;culture;yourself;capital;date;another;cover;paragraph;recursive;keep
journey_89,lift_love_poem,0,11,0,10,False,0,276,property;goal;records;culture;date;capital;environment;success;provide;time;bank;company;energy;game;lift
journey_90,soul_love_poem,0,37,0,36,False,0,401,property;goal;born;records;something;product;yourself;date;cover;another;paragraph;basin;recursive;coherence;scheduler
journey_91,love_never_poem,0,35,0,36,True,0,398,property;goal;born;records;product;date;capital;cover;sets;paragraph;basin;recursive;points;coherence;scheduler
journey_92,voice_love_poem,0,11,0,10,False,0,278,property;goal;records;date;capital;another;challenges;success;provide;ensure;time;music;projects;city;number
journey_93,music_love_poem,0,11,0,10,False,0,277,property;goal;records;date;capital;another;success;provide;ensuring;ensure;time;asked;processing;music;projects
journey_94,deep_love_bring,0,11,0,10,False,0,276,critical;property;goal;records;yourself;capital;date;another;sets;success;provide;ensure;time;sweet;context
journey_95,feeling_love_poem,0,28,0,28,True,0,367,property;goal;born;records;something;product;date;capital;serve;another;cover;private;anything;feel;success
journey_96,heart_love_poem,0,1,0,0,False,0,123,poernomo;chorus;little;success;journey;night;poem;bring;music;place;heart;never;voice;work;love
journey_97,full_love_success,0,30,0,31,True,0,376,critical;property;goal;born;records;something;product;date;capital;cover;another;recursive;reading;private;anything
journey_98,fire_love_poem,0,11,0,10,False,0,275,plan;property;goal;records;date;capital;another;challenges;success;provide;time;bank;hard;energy;processing
journey_99,magic_love_poem,0,1,0,0,False,0,123,chorus;little;success;night;poem;bring;song;music;place;never;voice;sweet;work;love;magic
journey_100,desire_love_success,0,11,0,10,False,0,276,property;goal;records;yourself;capital;built;another;date;success;provide;ensuring;ensure;time;spirit;required
journey_101,voice_love_poem,0,1,0,0,False,0,123,chorus;little;success;night;poem;bring;song;music;place;verse;name;never;voice;work;love
journey_102,captures_love_poem,0,11,0,10,False,0,276,property;goal;records;culture;yourself;capital;date;breaks;challenges;success;provide;ensuring;ensure;time;bank
journey_103,every_love_never,0,6,0,5,False,0,262,down;array;property;goal;replaced;request;address;entry;yourself;public;take;another;developed;language;help
journey_104,note_love_poem,0,1,0,0,False,0,122,poernomo;chorus;little;success;night;poem;bring;music;place;verse;never;voice;note;work;love
journey_105,music_love_poem,0,11,0,10,False,0,276,property;goal;records;yourself;capital;date;success;provide;ensuring;ensure;time;standards;processing;music;relationship
journey_106,lives_love_success,0,5,0,4,False,0,242,down;journey;goal;property;records;address;another;developed;language;help;business;analysis;love;quality;used
journey_107,voice_love_poem,0,1,0,0,False,0,123,chorus;little;success;night;poem;bring;song;music;place;verse;name;never;voice;work;love
journey_108,pure_love_never,0,4,0,3,False,0,229,down;property;goal;address;yourself;developed;language;help;maintain;love;quality;used;success;including;provide
journey_109,music_love_poem,0,11,0,10,False,0,275,property;goal;records;date;capital;built;another;success;provide;ensuring;ensure;time;asked;processing;music
journey_110,voice_love_poem,0,1,0,0,False,0,123,chorus;little;success;night;poem;bring;song;music;place;verse;name;never;voice;work;love
journey_111,music_love_poem,0,1,0,0,False,0,124,chorus;little;success;night;poem;bring;song;music;place;verse;house;never;voice;work;love
journey_112,part_love_poem,0,11,0,10,False,0,276,property;goal;yourself;date;capital;panel;success;provide;ensure;time;bank;processing;music;projects;city
journey_113,soul_love_poem,0,18,0,17,False,0,328,critical;property;goal;born;yourself;capital;date;another;private;robust;anything;feel;success;provide;space
journey_114,poem_love_song,0,9,0,8,False,0,273,plan;property;goal;records;date;capital;success;including;provide;ensure;time;music;projects;science;number
journey_115,voice_love_poem,0,16,0,15,False,0,356,critical;property;goal;born;yourself;capital;date;another;keep;private;success;including;provide;space;ensuring
journey_116,total_love_bring,0,11,0,10,False,0,277,property;goal;records;date;capital;another;success;provide;create;ensuring;ensure;time;processing;music;projects
journey_117,control_love_success,0,11,0,10,False,0,277,property;goal;something;records;culture;date;capital;simple;success;including;provide;ensuring;ensure;time;bank
journey_118,black_love_poem,0,1,0,0,False,0,122,chorus;little;success;black;night;poem;bring;music;place;verse;never;voice;sweet;work;love
journey_119,music_love_poem,0,1,0,0,False,0,124,chorus;little;success;night;poem;bring;song;music;place;verse;house;never;voice;work;love
journey_120,around_love_never,0,5,0,4,False,0,242,down;during;property;goal;records;around;address;another;developed;language;help;analysis;types;love;quality
journey_121,heart_love_poem,0,1,0,0,False,0,123,poernomo;chorus;little;success;journey;night;poem;bring;music;place;heart;never;voice;work;love
journey_122,full_love_success,0,11,0,10,False,0,275,critical;property;goal;date;capital;challenges;success;provide;manage;ensuring;ensure;time;bank;focusing;hard
journey_123,magic_love_poem,0,1,0,0,False,0,123,chorus;little;success;night;poem;bring;song;music;place;never;voice;sweet;work;love;magic
journey_124,spirit_love_poem,0,11,0,10,False,0,276,property;goal;something;records;culture;asset;capital;date;challenges;success;provide;ensuring;ensure;time;standards
journey_125,mark_love_bring,0,11,0,10,False,0,277,property;goal;date;capital;another;success;provide;ensure;form;time;check;hard;company;processing;music
journey_126,world_love_never,0,14,0,14,True,0,360,critical;property;goal;born;records;culture;yourself;capital;date;private;success;provide;space;ensure;time
journey_127,clear_love_bring,0,11,0,10,False,0,276,critical;property;goal;date;capital;another;success;including;provide;ensuring;ensure;time;driven;hard;processing
journey_128,lyrics_love_poem,0,1,0,0,False,0,123,poernomo;chorus;little;success;poem;lyrics;song;bring;music;place;verse;never;voice;work;love
journey_129,poetic_love_poem,0,9,0,8,False,0,273,property;goal;records;yourself;capital;date;another;success;design;provide;ensure;time;poetic;energy;processing
journey_130,divine_love_poem,0,11,0,10,False,0,276,property;goal;something;records;date;capital;another;challenges;success;including;provide;ensuring;ensure;time;future
journey_131,stage_love_poem,0,11,0,10,False,0,275,plan;property;goal;records;date;capital;another;challenges;success;provide;time;bank;energy;processing;music
journey_132,presence_love_success,0,11,0,10,False,0,276,property;goal;records;culture;yourself;capital;date;environment;success;provide;time;bank;company;energy;spirit
journey_133,truly_love_never,0,23,0,23,True,0,346,critical;property;goal;something;unique;born;records;product;yourself;capital;date;another;cover;naturally;private
journey_134,kind_love_bring,0,3,0,2,False,0,175,critical;down;property;goal;records;culture;heart;developed;language;help;kind;love;ancient;quality;used
journey_135,music_love_poem,0,11,0,10,False,0,276,property;goal;records;culture;date;capital;trace;challenges;success;provide;ensuring;ensure;time;comprehensive;bank
journey_136,live_love_poem,0,11,0,10,False,0,275,property;goal;records;date;capital;success;provide;ensure;time;music;projects;city;number;organization;science
journey_137,song_poem_love,0,1,0,0,False,0,124,chorus;little;success;night;poem;bring;song;music;place;verse;house;never;voice;work;love
journey_138,song_poem_love,0,11,0,10,False,0,277,property;goal;something;records;date;capital;challenges;success;provide;ensuring;ensure;time;future;music;relationship
journey_139,verse_poem_chorus,0,7,0,6,False,0,263,property;goal;records;capital;success;provide;ensure;time;music;number;organization;within;function;never;doctor
journey_140,eyes_love_poem,0,36,0,36,True,0,403,property;goal;something;records;born;product;crucial;date;capital;cover;keep;paragraph;prove;recursive;coherence
journey_141,fast_love_never,0,36,0,36,True,0,406,critical;property;goal;records;product;date;capital;cover;another;keep;paragraph;recursive;basin;coherence;scheduler
journey_142,chorus_poem_love,0,11,0,10,False,0,276,property;goal;something;records;date;capital;success;provide;reference;ensuring;ensure;time;better;processing;music
journey_143,house_love_poem,0,1,0,0,False,0,124,chorus;little;success;night;poem;bring;song;music;place;verse;house;never;voice;work;love
journey_144,stuff_love_poem,0,11,0,10,False,0,276,property;goal;records;yourself;capital;date;choice;challenges;success;provide;ensuring;ensure;time;bank;emotional
journey_145,never_love_bring,0,19,0,19,True,0,344,critical;property;goal;something;born;records;date;capital;another;included;private;anything;feel;success;including
journey_146,down_love_never,0,1,0,0,False,0,124,poernomo;chorus;down;success;little;hard;night;poem;bring;music;place;never;voice;work;love
journey_147,verse_poem_chorus,0,6,0,5,False,0,262,down;array;property;goal;records;request;address;entry;depending;public;developed;language;help;analysis;knowledge
journey_148,always_love_never,0,36,0,36,True,0,401,critical;property;goal;born;records;something;product;yourself;capital;date;another;keep;cover;recursive;paragraph
journey_149,always_love_never,0,4,0,3,False,0,229,down;journey;goal;property;address;developed;language;help;maintain;love;quality;used;success;including;provide
journey_150,clean_love_poem,0,5,0,4,False,0,240,down;property;goal;records;power;address;lead;developed;house;language;help;business;analysis;types;love
journey_151,look_love_bring,0,30,0,29,False,0,365,critical;property;goal;born;records;something;product;date;capital;cover;recursive;representing;private;anything;feel
journey_152,easy_love_never,0,36,0,36,True,0,402,critical;feedback;property;goal;something;unique;born;records;product;root;complex;date;capital;cover;another
journey_153,chorus_poem_love,0,11,0,10,False,0,278,property;goal;something;records;date;capital;success;design;provide;stream;ensure;time;capture;processing;music
journey_154,house_love_poem,0,1,0,0,False,0,124,chorus;little;success;night;poem;bring;song;music;place;verse;house;never;voice;work;love
journey_155,rule_love_poem,0,4,0,3,False,0,227,meaning;down;plan;property;goal;records;address;developed;language;help;business;types;love;argument;quality
journey_156,never_love_bring,0,8,0,7,False,0,266,property;goal;records;yourself;capital;another;anything;success;including;provide;ensure;time;hard;music;projects
journey_157,down_love_never,0,1,0,0,False,0,124,poernomo;chorus;down;success;little;hard;night;poem;bring;music;place;never;voice;work;love
journey_158,bridge_poem_love,0,1,0,0,False,0,122,chorus;little;success;night;poem;bring;music;place;verse;house;never;voice;work;love;bridge
journey_159,thing_love_place,0,5,0,4,False,0,243,down;property;goal;records;address;lead;another;developed;language;help;generation;business;analysis;types;love
journey_160,love_never_poem,0,1,0,0,False,0,123,poernomo;chorus;little;success;night;poem;bring;music;place;heart;never;voice;sweet;work;love
journey_161,give_love_bring,0,36,0,36,True,0,402,property;goal;born;something;product;apply;date;serve;capital;cover;keep;paragraph;recursive;basin;coherence
journey_162,never_love_bring,0,1,0,0,False,0,125,chorus;little;success;hard;always;poem;bring;night;music;place;every;never;voice;work;love
journey_163,thinking_love_poem,0,11,0,10,False,0,276,property;goal;date;capital;another;success;including;provide;ensuring;ensure;time;hard;processing;music;projects
journey_164,love_never_poem,0,1,0,0,False,0,123,poernomo;chorus;little;success;night;poem;bring;music;place;heart;never;voice;sweet;work;love
journey_165,love_never_poem,0,1,0,0,False,0,123,poernomo;chorus;little;success;night;poem;bring;music;place;heart;never;voice;sweet;work;love
journey_166,management_data_quality,0,13,2,10,True,0,206,property;product;culture;date;capital;time;group;show;company;music;projects;city;science;number;organization
journey_167,complete_data_quality,0,18,2,10,True,0,205,property;records;date;capital;challenges;provide;ensure;time;risk;standards;context;point;shifts;company;processing
journey_168,whether_data_quality,0,10,2,10,True,0,203,property;date;capital;including;provide;ensure;time;company;required;processing;music;projects;city;didn;number
journey_169,living_data_quality,0,16,2,10,True,0,204,property;something;records;unique;culture;date;capital;ensure;time;music;projects;city;number;organization;based
journey_170,business_data_quality,0,44,2,36,True,0,390,property;something;records;product;culture;apply;date;capital;cover;paragraph;basin;prove;recursive;coherence;scheduler
journey_171,room_data_information,0,18,2,10,True,0,206,property;records;date;capital;ensuring;ensure;time;bank;processing;music;projects;city;number;organization;science
journey_172,great_data_quality,0,43,2,36,True,0,397,critical;property;records;product;crucial;date;capital;cover;paragraph;basin;recursive;coherence;scheduler;private;challenges
journey_173,london_data_quality,0,9,2,10,True,0,205,property;records;date;capital;london;choice;ensure;time;company;music;projects;city;science;organization;modern
journey_174,position_data_information,0,44,2,36,True,0,395,property;born;records;product;date;capital;cover;paragraph;basin;entity;recursive;coherence;scheduler;private;challenges
journey_175,shared_data_information,0,13,2,10,True,0,203,critical;property;records;date;capital;including;provide;ensure;time;company;processing;music;projects;city;number
journey_176,service_data_quality,0,18,2,10,True,0,204,property;records;product;culture;date;capital;challenges;provide;ensuring;find;ensure;time;bank;driven;view
journey_177,novel_data_quality,0,18,2,10,True,0,203,property;records;date;capital;challenges;ensure;time;music;projects;city;science;number;organization;ability;function
journey_178,reflect_data_information,0,18,2,10,True,0,205,white;property;date;capital;choice;including;provide;create;ensuring;reflect;ensure;time;names;company;energy
journey_179,problem_data_information,0,18,2,10,True,0,202,property;something;records;date;capital;private;provide;ensure;time;bank;group;energy;music;projects;city
journey_180,ensure_data_information,0,15,2,10,True,0,203,property;something;date;capital;including;provide;create;ensuring;ensure;time;processing;music;projects;city;number
journey_181,standards_data_quality,0,18,2,10,True,0,205,property;records;culture;date;capital;ensuring;ensure;time;standards;processing;music;projects;city;science;number
journey_182,identified_data_information,0,18,2,10,True,0,204,critical;property;something;records;date;capital;challenges;including;provide;ensuring;strictly;ensure;time;risk;company
journey_183,found_data_information,0,14,2,10,True,0,203,property;records;date;capital;including;provide;create;ensuring;ensure;time;bank;music;projects;city;number
journey_184,must_data_information,0,43,2,36,True,0,397,critical;property;something;records;born;product;warn;date;capital;cover;keep;basin;paragraph;recursive;coherence
journey_185,track_data_quality,0,18,2,10,True,0,203,critical;property;something;records;date;capital;status;choice;challenges;provide;ensuring;ensure;time;processing;music
journey_186,critical_data_quality,0,44,2,36,True,0,397,critical;property;computational;something;born;records;product;date;capital;cover;paragraph;basin;keep;recursive;coherence
journey_187,sure_data_quality,0,12,2,10,True,0,205,property;compare;date;capital;including;provide;manage;ensuring;ensure;time;view;processing;music;projects;city
journey_188,including_data_information,0,12,2,10,True,0,204,property;records;date;capital;interpretation;including;provide;ensure;time;energy;processing;music;projects;city;number
journey_189,interpretation_data_quality,0,37,2,29,True,0,363,critical;property;born;records;something;product;date;capital;cover;interpretation;recursive;private;anything;feel;provide
journey_190,examples_data_quality,0,18,2,10,True,0,205,property;records;date;capital;challenges;provide;ensuring;ensure;time;group;energy;processing;music;projects;city
journey_191,records_data_quality,0,18,2,10,True,0,204,property;records;culture;date;capital;space;ensure;time;bank;standards;company;energy;music;projects;city
journey_192,used_data_quality,0,18,2,10,True,0,202,property;records;date;capital;challenges;including;provide;ensuring;ensure;time;driven;processing;music;projects;city
journey_193,different_data_quality,0,18,2,10,True,0,206,critical;property;something;date;capital;provide;ensuring;ensure;time;music;projects;city;science;number;organization
journey_194,lead_data_quality,0,18,2,10,True,0,202,critical;property;born;records;date;capital;challenges;including;provide;ensuring;ensure;thank;time;energy;processing
journey_195,overall_data_quality,0,16,2,10,True,0,203,property;date;capital;challenges;including;provide;create;ensuring;ensure;time;asked;processing;music;projects;city
journey_196,love_data_quality,0,43,2,36,True,0,391,critical;property;something;records;unique;born;product;main;typing;date;capital;cover;keep;paragraph;basin
journey_197,method_data_quality,0,18,2,10,True,0,202,property;records;unique;date;capital;choice;robust;success;provide;ensuring;find;ensure;time;view;processing
journey_198,introduction_data_information,0,44,2,36,True,0,397,critical;property;something;records;product;culture;apply;date;capital;cover;another;paragraph;basin;recursive;coherence
journey_199,processes_data_quality,0,11,2,10,True,0,203,property;records;date;capital;entities;challenges;ensuring;ensure;time;standards;driven;reflexive;processing;music;broken
journey_200,cultural_data_quality,0,44,2,36,True,0,394,critical;property;born;records;something;product;culture;date;capital;cover;paragraph;basin;trace;recursive;prove
journey_201,care_data_quality,0,43,2,36,True,0,392,property;born;records;something;product;site;culture;date;capital;cover;keep;paragraph;basin;recursive;coherence
journey_202,culture_data_quality,0,18,2,10,True,0,205,property;records;culture;date;capital;challenges;ensuring;ensure;believe;time;dark;energy;breath;processing;works
journey_203,property_data_information,0,18,2,10,True,0,203,property;records;date;capital;private;load;joke;ensure;time;bank;company;energy;processing;music;projects
journey_204,take_data_quality,0,18,2,10,True,0,203,critical;property;something;date;capital;challenges;provide;play;ensuring;ensure;time;smooth;bank;inductive;energy
journey_205,something_data_information,0,13,2,10,True,0,203,property;something;date;capital;including;provide;create;ensuring;ensure;form;time;processing;music;remember;projects
journey_206,success_data_quality,0,15,2,10,True,0,203,property;date;capital;load;success;including;provide;ensure;time;bank;processing;music;projects;city;number
journey_207,during_data_quality,0,44,2,36,True,0,397,critical;property;born;records;product;date;capital;cover;paragraph;basin;recursive;coherence;separate;scheduler;private
journey_208,check_data_quality,0,11,2,10,True,0,203,property;date;capital;challenges;provide;create;ensure;time;check;processing;music;projects;city;number;organization
journey_209,click_data_information,0,18,2,10,True,0,204,property;ledger;records;culture;date;capital;provide;ensuring;ensure;time;bank;standards;processing;music;necessary
journey_210,framework_data_quality,0,14,2,10,True,0,204,property;records;culture;date;capital;provide;ensure;time;standards;reflexive;processing;music;projects;city;number
journey_211,list_data_information,0,44,2,36,True,0,397,critical;property;born;records;product;date;capital;cover;multi;paragraph;basin;recursive;keep;coherence;scheduler
journey_212,across_data_quality,0,18,2,10,True,0,203,property;records;crucial;date;capital;entities;challenges;including;provide;ensuring;ensure;time;identities;processing;music
journey_213,fixed_data_quality,0,18,2,10,True,0,204,property;records;date;capital;provide;ensure;time;bank;standards;company;processing;music;projects;city;science
journey_214,services_data_information,0,13,2,10,True,0,203,property;records;culture;date;capital;including;provide;ensuring;ensure;time;bank;standards;music;projects;city
journey_215,language_data_quality,0,18,2,10,True,0,205,property;records;culture;date;capital;provide;ensure;time;processing;music;projects;city;number;organization;science
journey_216,means_data_information,0,43,2,36,True,0,395,critical;property;born;records;culture;lseg;date;capital;paragraph;another;keep;basin;recursive;coherence;scheduler
journey_217,types_data_quality,0,18,2,10,True,0,204,property;records;date;capital;relations;challenges;provide;individual;ensuring;ensure;time;bank;personal;spirit;processing
journey_218,figures_data_quality,0,18,2,10,True,0,202,property;records;date;capital;entity;entities;challenges;provide;needs;ensuring;ensure;time;standards;energy;processing
journey_219,metric_data_quality,0,18,2,10,True,0,204,plan;property;records;date;capital;choice;challenges;feel;ensuring;ensure;time;bank;energy;processing;music
journey_220,social_data_quality,0,18,2,10,True,0,204,property;records;culture;date;capital;choice;challenges;including;ensuring;ensure;time;processing;music;projects;technical
journey_221,held_data_information,0,9,2,10,True,0,199,feedback;property;records;capital;including;provide;ensure;time;energy;processing;music;projects;city;designed;science
journey_222,financial_data_quality,0,10,2,10,True,0,205,critical;property;date;capital;including;create;ensuring;find;ensure;time;music;projects;city;science;organization
journey_223,governance_data_quality,0,18,2,10,True,0,203,property;date;capital;challenges;modules;ensuring;time;bank;energy;processing;music;projects;city;science;number
journey_224,confirm_data_information,0,13,2,10,True,0,204,property;records;date;capital;provide;ensure;form;time;processing;music;projects;city;number;organization;science
journey_225,solid_data_quality,0,18,2,10,True,0,203,critical;property;something;date;capital;nothing;challenges;provide;ensuring;ensure;believe;time;dark;bank;energy
journey_226,retrieval_data_quality,0,18,2,10,True,0,205,critical;property;records;date;capital;provide;general;ensuring;ensure;time;processing;music;projects;city;number
journey_227,element_data_information,0,44,2,36,True,0,390,property;born;records;something;product;crucial;asset;capital;date;cover;paragraph;trace;relational;recursive;coherence
journey_228,include_data_information,0,18,2,10,True,0,202,property;date;capital;representing;working;including;provide;ensuring;ensure;time;driven;music;projects;city;number
journey_229,elements_data_quality,0,18,2,10,True,0,204,property;records;culture;date;capital;status;ensuring;ensure;time;bank;dark;standards;energy;processing;music
journey_230,fear_data_quality,0,18,2,10,True,0,203,property;records;culture;date;capital;points;provide;ensuring;ensure;time;bank;standards;company;energy;processing
journey_231,requirements_data_information,0,14,2,10,True,0,202,property;records;date;capital;points;challenges;provide;ensure;time;bank;standards;energy;processing;music;projects
journey_232,company_data_customer,0,44,2,36,True,0,396,property;something;records;born;product;date;capital;cover;paragraph;basin;keep;recursive;coherence;scheduler;private
journey_233,world_data_quality,0,18,2,10,True,0,203,property;records;culture;date;capital;status;choice;play;ensuring;ensure;time;bank;emotional;processing;music
journey_234,energy_data_quality,0,18,2,10,True,0,204,property;records;culture;date;capital;challenges;ensuring;ensure;time;bank;energy;processing;music;relationship;projects
journey_235,under_data_information,0,9,2,10,True,0,205,critical;property;records;culture;date;capital;challenges;including;provide;ensuring;ensure;time;processing;music;projects
journey_236,time_data_quality,0,18,2,10,True,0,203,property;records;date;capital;challenges;ensuring;ensure;time;future;processing;music;projects;city;number;organization
journey_237,says_data_information,0,10,2,10,True,0,203,feedback;property;something;records;unique;date;capital;including;provide;ensure;time;processing;music;projects;city
journey_238,tell_data_information,0,11,2,10,True,0,205,property;something;records;date;capital;including;provide;ensuring;ensure;time;works;processing;music;projects;city
journey_239,sources_data_information,0,10,2,10,True,0,203,critical;property;something;records;date;capital;including;provide;ensuring;ensure;time;processing;music;projects;city
journey_240,metrics_data_quality,0,18,2,10,True,0,204,property;records;date;capital;points;ensure;time;bank;standards;shifts;energy;processing;music;projects;city
journey_241,deeply_data_quality,0,10,2,10,True,0,206,critical;property;date;capital;provide;ensuring;ensure;time;music;projects;city;didn;science;organization;number
journey_242,fully_data_quality,0,11,2,10,True,0,205,property;something;records;date;capital;entities;indeed;provide;ensuring;ensure;time;words;processing;music;projects
journey_243,fields_data_information,0,9,2,10,False,0,205,property;records;crucial;date;capital;provide;ensuring;stream;ensure;time;alive;context;words;processing;music
journey_244,issues_services_values,1,1,2,2,False,0,1,quality;cases;used;property;elements;records;issues;values;services;management;customer;help;stories;data;information
journey_245,following_data_management,0,9,3,10,True,0,203,property;date;capital;provide;ensuring;ensure;time;required;processing;music;appears;projects;city;science;number
journey_246,powershell_data_management,0,9,3,10,True,0,202,plan;property;date;capital;challenges;ensure;time;processing;music;projects;city;science;number;organization;modern
journey_247,homotopy_data_management,0,9,3,10,True,0,202,property;date;capital;challenges;ensuring;ensure;time;processing;music;projects;city;designed;science;number;organization
journey_248,keep_data_management,0,8,3,10,True,0,200,property;date;capital;keep;provide;create;ensuring;find;ensure;time;mention;processing;music;projects;city
journey_249,broken_policies_request,1,1,3,3,False,1,0,corporate;logic;examples;shape;energy;decision;request;broken;usage;ontology;policies;field;identify;described;data
journey_250,four_data_three,0,8,4,10,True,0,203,something;date;capital;beginning;ensuring;ensure;time;music;projects;city;number;modern;organization;science;start
journey_251,lseg_data_work,0,7,4,10,True,0,203,really;something;next;modern;process;dance;tools;lseg;date;capital;insert;analysis;business;climate;called
journey_252,simple_data_experience,0,8,4,10,True,0,202,date;capital;simple;ensuring;ensure;time;bank;music;projects;city;science;number;organization;modern;looking
journey_253,truly_data_experience,0,12,4,10,True,0,201,typing;date;capital;sets;ensure;time;processing;music;projects;city;science;number;organization;based;function
journey_254,instance_data_analysis,0,7,4,10,True,0,200,related;really;something;next;process;tools;date;capital;insert;analysis;business;climate;standard;types;called
journey_255,help_data_work,0,10,4,10,True,0,200,something;date;capital;ensuring;ensure;time;music;projects;city;science;number;organization;modern;based;function
journey_256,however_data_entry,0,8,5,10,True,0,194,really;request;modern;felt;entry;tools;dance;date;public;capital;upon;insert;developed;business;climate
journey_257,description_data_entry,0,12,5,10,True,0,194,date;challenges;ensuring;ensure;time;company;energy;music;projects;city;number;modern;organization;science;based
journey_258,query_data_entry,0,12,5,10,True,0,194,date;capital;ensuring;ensure;time;company;music;projects;city;science;number;organization;modern;looking;ability
journey_259,entities_data_entry,0,9,5,10,True,0,193,date;capital;entity;entities;challenges;including;provide;ensure;time;names;identities;music;projects;city;number
journey_260,among_data_entry,0,4,5,7,True,0,186,request;process;entry;public;capital;business;entities;climate;types;standard;quality;impact;question;type;ensure
journey_261,following_data_entry,0,5,5,7,True,0,186,related;request;entry;public;capital;business;climate;standard;types;quality;type;ensure;name;time;service
journey_262,metadata_data_entry,0,12,5,10,True,0,195,related;women;architecture;request;next;process;entry;tools;dance;modern;insert;public;capital;date;fields
journey_263,depending_data_entry,0,7,5,10,True,0,196,architecture;request;modern;entry;depending;tools;dance;date;public;capital;insert;side;business;climate;kind
journey_264,google_data_entry,0,4,5,6,True,0,163,request;entry;public;capital;business;types;type;ensure;name;time;bank;service;specific;information;access
journey_265,public_insights_value,1,2,5,6,False,2,0,critical;unique;reasoning;usage;public;provided;analysis;maintain;provide;manage;useful;consistent;find;access;operational
journey_266,data_project_test,1,2,5,5,True,3,0,array;domain;power;string;exchange;event;build;tool;company;control;match;events;projects;project;organization
journey_267,define_data_value,0,24,6,25,True,0,335,something;records;product;apply;date;capital;keep;private;challenges;anything;feel;success;provide;space;ensuring
journey_268,within_data_value,0,6,6,10,True,0,191,related;really;something;next;tools;date;capital;insert;business;climate;standard;types;kind;across;quality
journey_269,relevant_data_project,0,5,7,10,True,0,192,models;related;dance;tools;date;insert;standard;business;climate;kind;stage;quality;impact;challenges;dynamics
journey_270,academic_data_climate,0,4,7,9,True,0,188,process;date;insert;metrics;standard;business;climate;kind;analysis;quality;impact;regulatory;time;relationships;financial
journey_271,metrics_data_projects,0,5,7,10,True,0,190,process;cost;tools;dance;date;insert;metrics;business;climate;kind;analysis;stage;platform;quality;impact
journey_272,chain_data_project,0,5,7,10,True,0,193,related;women;architecture;cloud;modern;process;entry;dance;tools;insert;date;cross;standard;business;climate
journey_273,entry_data_project,0,5,7,10,True,0,189,related;really;something;next;process;entry;tools;dance;date;insert;business;standard;climate;kind;stage
journey_274,dance_data_integration,0,14,8,20,True,0,314,critical;born;product;date;private;anything;feel;space;ensure;time;dark;future;standards;game;music
journey_275,conclusion_data_integration,0,2,8,8,True,0,134,quality;different;next;conclusion;music;date;insert;time;performance;project;thought;thing;data;kind;integration
journey_276,didn_data_kind,0,2,8,8,True,0,137,quality;really;different;next;going;probably;date;insert;time;thing;thought;didn;data;kind;integration
journey_277,presentation_data_integration,0,6,8,10,True,0,187,ledger;next;dance;tools;date;insert;alone;analysis;kind;platform;stage;quality;impact;challenges;used
journey_278,morning_data_integration,0,30,8,36,True,0,392,critical;born;records;product;complex;date;capital;paragraph;basin;keep;prove;recursive;coherence;scheduler;private
journey_279,points_data_date,0,2,8,8,True,0,129,quality;fields;next;music;date;insert;time;steps;project;thing;points;data;kind;integration;door
journey_280,london_data_analytics,0,2,9,9,True,0,56,analytics;quality;impact;architecture;regulatory;ensuring;governance;experience;london;management;science;women;data;change;best
journey_281,tech_data_analytics,0,28,9,36,True,0,275,something;records;product;lseg;culture;prove;paragraph;keep;recursive;coherence;scheduler;private;anything;feel;create
journey_282,science_data_analytics,0,28,9,36,True,0,280,records;product;lseg;typing;prove;paragraph;keep;recursive;coherence;reading;scheduler;private;anything;feel;fill
journey_283,background_data_analytics,0,24,9,30,True,0,283,critical;property;born;records;something;product;recursive;private;anything;feel;create;space;find;graph;event
journey_284,client_data_management,0,23,9,36,True,0,268,critical;records;basin;paragraph;prove;keep;recursive;coherence;scheduler;private;create;find;graph;ensure;time
journey_285,relevant_developed_used,1,2,9,9,True,4,0,allow;apply;allowed;receive;provided;developed;included;allows;maintain;used;provide;consistent;ensuring;ensure;maintaining
journey_286,meet_speak_explain,1,1,9,9,False,5,0,explain;meet;feel;provide;learned;allow;hear;reach;bring;moving;replace;speak;believe;take;leave
journey_287,eyes_chorus_data,0,2,10,10,True,0,79,analytics;chorus;used;eyes;born;scene;based;dance;tools;music;sounds;city;services;side;modern
journey_288,enters_chorus_data,0,2,10,10,True,6,0,analytics;chorus;used;enters;scene;based;tools;music;city;services;side;platform;modern;stage;data
journey_289,emerges_chorus_data,0,2,10,10,True,7,0,analytics;chorus;used;scene;based;tools;music;emerges;others;city;services;side;platform;modern;stage
journey_290,waiting_scene_help,0,21,12,29,True,0,237,critical;born;records;something;product;built;keep;recursive;against;private;anything;feel;design;provide;create
journey_291,short_scene_light,0,30,12,33,True,0,257,critical;born;records;product;complex;basin;paragraph;keep;relational;recursive;coherence;private;robust;anything;feel
journey_292,requires_scene_must,0,30,12,36,True,0,279,critical;born;records;something;product;basin;paragraph;prove;keep;recursive;coherence;scheduler;private;robust;anything
journey_293,lies_scene_love,0,12,12,17,True,0,184,critical;something;born;private;anything;feel;space;find;ensure;time;dark;future;standards;lies;remember
journey_294,across_scene_history,0,50,12,36,True,0,274,critical;feedback;born;records;product;symbolic;basin;paragraph;prove;keep;relational;active;interpretation;recursive;environment
journey_295,every_scene_future,0,16,12,20,True,0,202,critical;born;records;product;apply;keep;private;anything;feel;provide;properly;space;ensuring;find;ensure
journey_296,keep_scene_love,0,42,12,33,True,0,254,critical;property;goal;born;records;something;product;paragraph;keep;recursive;coherence;environment;private;challenges;anything
journey_297,happy_scene_love,0,50,12,36,True,0,271,critical;property;born;records;something;product;basin;paragraph;prove;keep;another;active;recursive;coherence;scheduler
journey_298,help_scene_love,0,37,12,36,True,0,271,critical;born;records;product;date;paragraph;basin;keep;recursive;coherence;scheduler;private;anything;setup;success
journey_299,opening_scene_light,0,44,12,36,True,0,275,critical;born;records;something;product;clarity;basin;paragraph;returns;keep;recursive;coherence;scheduler;private;anything
journey_300,order_scene_story,0,40,12,36,True,0,274,property;born;records;something;product;basin;paragraph;recursive;coherence;scheduler;private;echoes;anything;feel;success
journey_301,forces_scene_light,0,38,12,36,True,0,275,critical;property;born;records;something;product;square;basin;paragraph;recursive;coherence;scheduler;private;anything;feel
journey_302,small_scene_light,0,28,12,36,True,0,275,critical;white;born;records;product;basin;paragraph;prove;keep;recursive;coherence;scheduler;private;anything;feel
journey_303,beyond_scene_future,0,50,12,36,True,0,272,critical;property;born;records;root;product;basin;cover;paragraph;keep;recursive;coherence;scheduler;private;challenges
journey_304,filled_scene_light,0,28,12,25,True,0,221,critical;born;records;product;apply;keep;private;anything;feel;design;provide;space;ensuring;find;graph
journey_305,inside_scene_love,0,31,12,36,True,0,275,critical;feedback;born;something;records;root;product;culture;basin;scripts;syntax;keep;paragraph;recursive;coherence
journey_306,weak_scene_dark,0,41,12,36,True,0,273,critical;born;records;root;product;crucial;basin;paragraph;keep;another;recursive;coherence;environment;scheduler;private
journey_307,fixes_scene_story,0,42,12,36,True,0,273,critical;plan;born;records;something;product;behavior;basin;paragraph;keep;recursive;coherence;scheduler;private;relations
journey_308,against_scene_love,0,40,12,35,True,0,265,critical;white;born;records;something;product;basin;paragraph;keep;another;recursive;coherence;environment;against;private
journey_309,must_scene_love,0,39,12,36,True,0,275,critical;born;unique;records;root;product;basin;paragraph;prove;keep;relational;recursive;coherence;scheduler;private
journey_310,must_scene_love,0,50,12,36,True,0,272,critical;born;records;product;typing;basin;authors;paragraph;keep;mathematical;prove;recursive;coherence;scheduler;private
journey_311,find_scene_love,0,35,12,36,True,0,275,critical;born;records;something;product;basin;paragraph;prove;keep;another;recursive;coherence;reading;scheduler;private
journey_312,save_scene_love,0,31,12,36,True,0,275,critical;born;records;product;basin;paragraph;prove;keep;returns;recursive;coherence;reading;scheduler;private;challenges
journey_313,introduce_scene_must,0,31,12,35,True,0,267,critical;born;records;something;product;crucial;builds;basin;paragraph;keep;recursive;coherence;reading;private;load
journey_314,explore_scene_love,0,35,12,36,True,0,274,critical;born;records;root;product;basin;paragraph;relational;recursive;coherence;reading;scheduler;private;anything;feel
journey_315,dark_scene_light,0,48,12,36,True,0,275,critical;plan;property;born;records;something;product;basin;paragraph;keep;recursive;coherence;scheduler;private;anything
journey_316,part_scene_story,0,50,12,36,True,0,274,critical;born;records;product;basin;paragraph;built;keep;another;recursive;coherence;scheduler;private;relations;anything
journey_317,last_scene_love,0,50,12,36,True,0,272,critical;property;ledger;born;records;something;product;complex;builds;basin;paragraph;syntax;keep;recursive;coherence
journey_318,great_scene_love,0,31,12,36,True,0,276,critical;born;records;product;basin;paragraph;keep;recursive;coherence;representing;scheduler;private;anything;feel;working
journey_319,various_scene_future,0,24,12,30,True,0,246,critical;born;records;something;product;keep;recursive;coherence;representing;private;anything;feel;success;provide;create
journey_320,addressing_scene_history,0,45,12,36,True,0,269,critical;born;records;something;product;complex;typing;prove;paragraph;keep;recursive;coherence;representing;scheduler;private
journey_321,separate_scene_history,0,26,12,35,True,0,273,critical;born;records;product;basin;paragraph;recursive;coherence;separate;private;anything;feel;success;create;space
journey_322,short_weak_dark,1,1,12,12,False,0,14,future;must;black;scene;weak;short;tone;bold;final;dark;story;history;help;light;love
journey_323,power_night_space,0,31,13,36,True,0,277,critical;born;records;something;product;basin;paragraph;recursive;coherence;scheduler;private;anything;feel;create;space
journey_324,away_night_year,0,28,13,36,True,0,279,critical;born;product;lseg;basin;paragraph;keep;recursive;coherence;scheduler;private;anything;feel;provide;create
journey_325,whenever_under_year,0,25,13,29,True,0,239,critical;born;records;something;product;complex;recursive;private;anything;feel;provide;create;space;ensuring;find
journey_326,lost_night_year,0,23,13,25,True,0,221,critical;born;records;product;keep;another;private;anything;feel;success;provide;space;ensuring;find;graph
journey_327,remember_year_night,0,20,13,29,True,0,240,critical;born;something;product;another;recursive;private;anything;feel;create;space;ensuring;find;graph;ensure
journey_328,involves_under_year,0,32,13,36,True,0,277,critical;born;records;unique;something;product;complex;basin;paragraph;keep;recursive;points;coherence;scheduler;private
journey_329,involves_under_year,0,37,13,36,True,0,274,critical;born;records;something;product;basin;evolves;paragraph;keep;prove;recursive;coherence;scheduler;private;echoes
journey_330,used_year_under,0,48,13,36,True,0,271,critical;born;records;something;product;date;evolves;paragraph;basin;keep;prove;recursive;coherence;scheduler;private
journey_331,someone_something_night,0,27,13,36,True,0,279,critical;something;born;records;product;screen;basin;paragraph;recursive;coherence;scheduler;private;anything;feel;design
journey_332,give_under_year,0,31,13,36,True,0,276,critical;born;records;product;basin;paragraph;keep;recursive;coherence;reading;scheduler;private;choice;anything;feel
journey_333,born_year_night,0,17,13,24,True,0,221,critical;born;records;product;london;private;anything;feel;space;ensuring;find;graph;ensure;time;bank
journey_334,under_year_night,0,23,13,34,True,0,276,critical;born;records;something;root;product;apply;realisation;basin;paragraph;keep;recursive;coherence;against;private
journey_335,significant_year_night,0,26,13,33,True,0,257,critical;born;records;something;product;complex;crucial;paragraph;london;recursive;coherence;private;robust;anything;feel
journey_336,under_year_night,0,45,13,36,True,0,271,critical;born;records;something;product;paragraph;another;trace;recursive;coherence;scheduler;private;anything;feel;provide
journey_337,expected_year_night,0,34,13,36,True,0,276,critical;born;records;product;apply;typing;basin;paragraph;intuitive;keep;recursive;points;coherence;scheduler;private
journey_338,lead_year_night,0,39,13,36,True,0,275,critical;born;records;product;basin;paragraph;sets;recursive;coherence;scheduler;private;anything;feel;provide;create
journey_339,detailed_full_under,0,48,13,36,True,0,273,critical;born;records;something;product;basin;paragraph;prefix;recursive;coherence;reading;scheduler;private;anything;feel
journey_340,year_night_under,0,45,13,36,True,0,276,critical;born;records;something;product;screen;basin;paragraph;relational;active;recursive;coherence;scheduler;private;anything
journey_341,take_under_year,0,25,13,36,True,0,277,critical;born;records;something;product;basin;paragraph;prove;keep;recursive;coherence;scheduler;private;anything;feel
journey_342,remember_year_night,0,37,13,36,True,0,275,critical;born;records;something;product;complex;basin;paragraph;keep;recursive;coherence;scheduler;private;anything;feel
journey_343,social_night_year,0,48,13,36,True,0,272,critical;born;records;product;complex;basin;paragraph;keep;recursive;coherence;explicit;scheduler;private;robust;anything
journey_344,meet_night_year,0,29,13,36,True,0,277,critical;born;something;product;prove;paragraph;recursive;coherence;scheduler;private;anything;feel;coherent;provide;properly
journey_345,significant_year_night,0,48,13,36,True,0,267,critical;born;records;unique;something;product;complex;crucial;basin;paragraph;another;recursive;coherence;scheduler;private
journey_346,understanding_night_year,0,31,13,36,True,0,276,critical;born;records;product;complex;basin;paragraph;recursive;coherence;scheduler;private;anything;feel;create;space
journey_347,crucial_year_night,0,48,13,36,True,0,266,critical;born;records;something;product;crucial;date;paragraph;basin;recursive;coherence;scheduler;private;robust;anything
journey_348,maintain_year_night,0,48,13,36,True,0,271,critical;white;born;records;something;product;main;basin;paragraph;recursive;coherence;scheduler;private;anything;feel
journey_349,asset_night_space,0,32,13,36,True,0,275,critical;property;born;records;something;product;asset;paragraph;basin;recursive;coherence;scheduler;private;anything;feel
journey_350,details_under_year,0,29,13,36,True,0,277,critical;property;born;records;something;product;complex;basin;paragraph;recursive;coherence;scheduler;private;strict;anything
journey_351,personal_night_full,0,28,13,36,True,0,278,critical;born;unique;something;product;crucial;basin;paragraph;prove;keep;recursive;coherence;scheduler;private;anything
journey_352,birth_night_year,0,26,13,36,True,0,279,critical;born;records;something;product;basin;paragraph;recursive;coherence;scheduler;private;anything;feel;provide;create
journey_353,reading_under_year,0,46,13,36,True,0,273,critical;plan;born;something;records;root;product;bridge;basin;paragraph;keep;trace;recursive;coherence;reading
journey_354,born_year_night,0,48,13,36,True,0,273,property;born;records;something;product;screen;realisation;basin;paragraph;keep;recursive;coherence;scheduler;private;anything
journey_355,under_year_night,0,48,13,36,True,0,273,critical;born;records;something;product;screen;apply;realisation;symbolic;basin;paragraph;prove;keep;recursive;coherence
journey_356,time_year_night,0,25,13,36,True,0,281,critical;born;records;something;product;basin;paragraph;another;recursive;coherence;scheduler;private;anything;feel;create
journey_357,year_night_under,0,41,13,36,True,0,276,born;records;something;product;lseg;basin;paragraph;keep;recursive;coherence;reading;scheduler;private;anything;feel
journey_358,active_under_year,0,43,13,36,True,0,273,critical;born;records;something;product;complex;basin;paragraph;keep;active;relational;recursive;coherence;scheduler;private
journey_359,reading_under_year,0,24,13,29,True,0,240,critical;born;records;something;product;trust;another;recursive;reading;private;anything;feel;create;space;find
journey_360,challenges_night_year,0,21,13,28,True,0,232,critical;born;records;something;product;cover;private;challenges;anything;feel;design;create;space;find;graph
journey_361,relationships_night_year,0,28,13,36,True,0,276,critical;born;records;something;product;prove;paragraph;another;recursive;coherence;scheduler;private;anything;feel;create
journey_362,find_under_year,0,15,13,26,True,0,222,born;records;product;points;reading;private;anything;feel;space;find;graph;ensure;event;time;names
journey_363,relationships_night_year,0,48,13,36,True,0,272,critical;born;records;something;root;product;realisation;basin;paragraph;keep;recursive;coherence;simple;private;scheduler
journey_364,family_night_year,0,26,13,36,True,0,275,critical;property;born;records;something;product;culture;prove;paragraph;recursive;coherence;reading;scheduler;private;anything
journey_365,active_under_year,0,11,13,19,True,0,194,critical;born;active;private;anything;feel;space;ensuring;find;ensure;time;rest;bank;standards;processing
journey_366,rest_night_year,0,36,13,36,True,0,273,critical;born;something;records;product;complex;culture;basin;paragraph;another;recursive;coherence;scheduler;private;anything
journey_367,energy_power_space,0,25,13,36,True,0,277,born;records;something;product;warn;date;basin;paragraph;recursive;coherence;scheduler;private;anything;feel;create
journey_368,crucial_year_night,0,32,13,36,True,0,276,critical;born;records;product;symbolic;crucial;basin;paragraph;keep;relational;recursive;coherence;explicit;scheduler;private
journey_369,general_under_full,0,30,13,36,True,0,276,critical;goal;something;records;product;basin;paragraph;built;keep;prove;relational;coherence;scheduler;private;anything
journey_370,based_year_under,0,25,13,36,True,0,278,critical;born;records;something;product;basin;paragraph;keep;recursive;points;coherence;scheduler;private;anything;feel
journey_371,isaac_night_year,0,25,13,36,True,0,276,critical;born;records;product;culture;windows;basin;paragraph;recursive;coherence;scheduler;private;anything;feel;design
journey_372,isaac_night_year,0,3,13,14,True,0,155,critical;related;full;born;power;ontology;heart;business;private;love;under;night;space;english;time
journey_373,time_year_night,0,25,13,36,True,0,277,computational;born;records;something;product;basin;paragraph;multi;keep;active;recursive;coherence;scheduler;private;anything
journey_374,isaac_night_year,0,2,13,13,True,0,131,related;eyes;under;full;year;night;power;space;born;something;remember;high;english;time;heart
journey_375,isaac_night_year,0,7,13,18,True,0,188,related;cloud;full;born;power;mind;book;process;word;books;three;chat;policies;heart;relational
journey_376,isaac_night_year,0,2,13,13,True,0,134,related;eyes;under;full;year;night;power;space;born;remember;high;english;time;heart;isaac
journey_377,called_year_under,0,2,13,13,True,0,120,related;eyes;under;born;year;night;space;power;named;full;remember;high;english;time;heart
journey_378,isaac_night_year,0,2,13,13,True,0,131,related;eyes;under;full;year;night;power;space;born;something;remember;high;english;time;heart
journey_379,wrong_night_year,0,45,13,36,True,0,274,critical;born;something;product;trust;basin;paragraph;recursive;coherence;scheduler;private;evolving;anything;feel;design
journey_380,lived_year_born,0,1,13,13,False,0,138,eyes;under;born;year;night;space;power;full;remember;life;english;stay;heart;lived;isaac
journey_381,space_book_poem,1,1,13,13,False,0,9,eyes;under;book;space;poem;sign;night;power;year;event;match;projects;story;work;collection
journey_382,detail_data_management,0,46,14,36,True,0,266,critical;something;records;product;basin;paragraph;prove;keep;recursive;coherence;scheduler;private;anything;feel;fill
journey_383,metadata_data_management,0,33,14,34,True,0,266,critical;feedback;records;root;product;builds;date;paragraph;basin;recursive;points;coherence;private;anything;feel
journey_384,essence_data_management,0,26,14,36,True,0,269,critical;records;product;trust;basin;built;keep;recursive;coherence;scheduler;private;choice;anything;feel;create
journey_385,private_data_management,0,29,14,36,True,0,269,critical;something;product;basin;paragraph;keep;recursive;coherence;scheduler;private;anything;feel;create;space;ensuring
journey_386,ontology_data_management,0,34,14,36,True,0,269,critical;records;product;complex;basin;paragraph;keep;recursive;coherence;scheduler;private;anything;feel;design;provide
journey_387,interpretations_data_management,0,46,14,36,True,0,265,critical;something;records;product;basin;intuitive;paragraph;keep;relational;recursive;coherence;scheduler;private;anything;feel
journey_388,abstract_data_management,0,25,14,36,True,0,269,critical;records;product;complex;typing;prove;paragraph;keep;recursive;coherence;reading;scheduler;private;robust;anything
journey_389,retrieval_data_management,0,37,14,36,True,0,266,something;records;product;trust;basin;paragraph;recursive;coherence;scheduler;private;anything;feel;provide;create;space
journey_390,among_data_management,0,24,14,36,True,0,270,critical;something;records;root;product;basin;paragraph;prove;another;keep;recursive;coherence;scheduler;private;anything
journey_391,following_data_management,0,24,14,36,True,0,269,critical;property;something;records;product;basin;paragraph;prove;keep;coherence;representing;scheduler;private;anything;feel
journey_392,phenomenology_data_management,0,22,14,36,True,0,271,critical;records;root;product;basin;paragraph;coherence;scheduler;private;load;anything;feel;design;space;find
journey_393,lseg_data_governance,0,14,15,27,True,0,217,property;records;product;lseg;private;anything;feel;find;graph;ensure;form;time;bank;risk;standards
journey_394,including_data_policies,0,23,15,36,True,0,269,ledger;records;product;basin;paragraph;prove;recursive;coherence;scheduler;private;anything;feel;including;create;space
journey_395,tell_data_policies,0,18,15,29,True,0,229,something;records;product;lseg;another;recursive;private;anything;feel;create;space;find;graph;ensure;time
journey_396,depending_data_policies,0,16,15,29,True,0,230,critical;records;product;relational;recursive;private;choice;anything;feel;create;space;graph;ensure;time;bank
journey_397,reflect_data_policies,0,20,15,36,True,0,266,something;records;product;basin;paragraph;built;another;keep;prove;recursive;coherence;scheduler;private;design;provide
journey_398,beyond_data_real,0,24,16,36,True,0,269,critical;records;product;complex;basin;paragraph;recursive;coherence;scheduler;private;anything;feel;provide;create;space
journey_399,really_data_real,0,21,16,36,True,0,266,something;records;product;windows;basin;paragraph;another;recursive;coherence;scheduler;anything;feel;create;space;ensuring
journey_400,tell_data_information,0,17,16,29,True,0,230,critical;records;product;another;recursive;private;anything;feel;provide;create;space;ensuring;find;graph;ensure
journey_401,deeper_data_real,0,29,16,30,True,0,235,critical;ledger;something;records;product;recursive;against;private;echoes;anything;feel;create;space;ensuring;find
journey_402,iman_data_science,0,12,16,30,True,0,237,records;product;recursive;private;provide;create;space;find;ensure;time;risk;iman;processing;music;spiritual
journey_403,must_data_need,0,21,17,36,True,0,268,something;records;product;basin;paragraph;another;recursive;coherence;scheduler;private;anything;feel;design;provide;create
journey_404,cassie_isaac_data,0,4,17,19,True,0,183,records;three;chat;take;tell;help;without;today;quality;anything;feel;aren;provide;regulatory;consistent
journey_405,goes_data_need,0,21,17,36,True,0,267,something;records;product;basin;paragraph;recursive;coherence;scheduler;private;anything;feel;provide;create;space;ensuring
journey_406,london_data_isaac,0,3,17,18,True,0,178,three;chat;london;help;today;anything;feel;ensure;great;bank;isaac;specific;need;parent;little
journey_407,path_data_sounds,0,4,17,22,True,0,187,three;help;platform;business;knowledge;quality;anything;path;feel;regulatory;consistent;ensuring;graph;ensure;service
journey_408,gives_serve_post,1,1,17,17,False,8,0,tool;path;control;making;makes;gives;look;bring;mark;serve;keep;post;light;check;part
journey_409,data_film_sounds,0,38,18,36,True,0,259,critical;records;product;basin;paragraph;recursive;coherence;scheduler;private;design;create;space;ensuring;graph;ensure
journey_410,issues_data_film,0,21,18,36,True,0,261,something;records;product;date;paragraph;prove;keep;recursive;coherence;scheduler;private;create;space;graph;ensure
journey_411,valuation_data_film,0,21,18,36,True,0,263,records;product;basin;paragraph;recursive;coherence;scheduler;private;provide;create;space;ensuring;graph;ensure;event
journey_412,customer_data_film,0,12,18,27,True,0,217,records;product;private;design;graph;ensure;event;time;bank;risk;standards;personal;game;processing;music
journey_413,frameworks_data_film,0,38,18,36,True,0,259,property;records;product;basin;paragraph;prove;recursive;coherence;scheduler;private;provide;create;space;ensuring;graph
journey_414,doesn_data_need,0,12,18,27,True,0,218,records;product;london;private;provide;ensuring;graph;ensure;time;bank;risk;personal;lies;processing;music
journey_415,asset_data_film,0,15,18,30,True,0,229,something;records;product;culture;asset;recursive;coherence;private;design;create;space;ensuring;graph;ensure;event
journey_416,woman_data_film,0,14,18,27,True,0,214,records;product;london;private;graph;ensure;time;bank;risk;personal;processing;music;spiritual;organization;modern
journey_417,source_data_film,0,16,18,36,True,0,261,records;lseg;basin;paragraph;recursive;coherence;scheduler;private;create;space;ensuring;graph;ensure;repair;time
journey_418,give_quick_support,1,1,18,18,False,9,0,quality;order;provide;talk;thinking;give;request;start;play;join;quick;take;support;help;need
journey_419,isaac_data_lseg,0,13,19,28,True,0,220,something;records;product;lseg;another;private;create;ensuring;graph;ensure;time;bank;risk;driven;personal
journey_420,following_data_quality,0,24,19,36,True,0,256,critical;root;product;date;paragraph;basin;another;recursive;coherence;scheduler;create;space;ensuring;graph;ensure
journey_421,ones_data_management,0,12,19,27,True,0,212,records;product;another;private;design;ensuring;graph;ensure;event;time;bank;risk;personal;show;processing
journey_422,including_data_quality,0,10,19,31,True,0,237,something;product;lseg;another;recursive;private;including;create;space;ensuring;graph;ensure;time;risk;processing
journey_423,seems_data_time,0,2,20,20,True,0,79,during;product;children;name;time;isaac;dependent;need;poernomo;include;please;music;seems;spiritual;scene
journey_424,either_data_time,0,23,20,36,True,0,260,product;basin;paragraph;keep;recursive;coherence;scheduler;private;create;space;play;graph;ensure;time;bank
journey_425,please_data_product,0,8,20,28,True,0,221,layer;during;security;cloud;something;storage;full;product;children;dynamic;trade;logs;business;private;dream
journey_426,actually_data_spiritual,0,18,20,36,True,0,261,product;lseg;basin;paragraph;keep;recursive;coherence;scheduler;private;create;respect;graph;ensure;time;clarify
journey_427,hello_data_product,0,27,20,36,True,0,257,something;product;basin;authors;paragraph;another;trace;recursive;coherence;explicit;scheduler;private;modules;create;space
journey_428,ghost_data_spiritual,0,18,20,36,True,0,260,something;product;basin;paragraph;trace;recursive;coherence;explicit;scheduler;private;create;space;graph;ensure;time
journey_429,held_data_name,0,18,20,36,True,0,261,product;complex;date;intuitive;paragraph;basin;prove;recursive;coherence;scheduler;private;create;space;graph;form
journey_430,size_data_name,0,26,20,36,True,0,258,something;product;date;paragraph;basin;recursive;coherence;scheduler;private;create;space;general;graph;ensure;thank
journey_431,sounds_data_name,0,18,20,36,True,0,259,something;product;basin;intuitive;paragraph;keep;relational;recursive;coherence;scheduler;private;design;coherent;create;space
journey_432,feeling_focusing_keeping,1,1,20,20,False,10,0,understanding;becoming;having;keeping;making;moving;life;name;focusing;spiritual;time;data;feeling;integrating;maintaining
journey_433,love_data_personal,0,15,21,36,True,0,259,critical;something;basin;paragraph;prove;keep;recursive;coherence;scheduler;private;create;space;ensuring;ensure;time
journey_434,train_data_bank,0,32,21,36,True,0,254,records;product;basin;paragraph;recursive;coherence;scheduler;private;design;create;space;play;graph;repair;time
journey_435,function_data_personal,0,17,21,36,True,0,258,critical;root;basin;paragraph;coherence;scheduler;load;design;space;graph;repair;time;bank;risk;personal
journey_436,four_data_personal,0,7,21,26,True,0,199,models;layer;security;cloud;records;book;storage;systems;trade;policies;business;across;knowledge;concepts;ancient
journey_437,policy_data_personal,0,16,21,29,True,0,215,critical;born;recursive;points;private;create;space;graph;ensure;form;time;bank;risk;context;personal
journey_438,technical_data_personal,0,21,21,36,True,0,256,critical;something;basin;paragraph;prove;recursive;coherence;scheduler;private;create;space;graph;ensure;event;repair
journey_439,instructions_data_processing,0,15,21,36,True,0,258,something;unique;complex;basin;paragraph;keep;recursive;coherence;scheduler;private;create;space;graph;ensure;time
journey_440,necessary_needed_need,1,1,21,21,False,11,0,equal;given;processing;necessary;ensure;laws;step;services;needed;bank;personal;women;doctor;data;need
journey_441,itself_data_work,0,16,22,36,True,0,256,critical;something;basin;paragraph;recursive;coherence;scheduler;private;create;space;graph;default;time;risk;context
journey_442,instead_data_information,0,30,22,36,True,0,259,critical;something;basin;paragraph;keep;recursive;coherence;scheduler;private;feel;create;space;needs;graph;ensure
journey_443,client_data_work,0,21,22,36,True,0,258,critical;basin;paragraph;keep;recursive;points;coherence;scheduler;private;create;space;graph;event;ensure;repair
journey_444,means_data_information,0,16,22,36,True,0,262,something;complex;paragraph;keep;recursive;coherence;separate;scheduler;private;create;space;graph;time;risk;terms
journey_445,processes_data_information,0,19,23,36,True,0,260,records;basin;paragraph;keep;recursive;coherence;scheduler;private;design;create;space;repair;time;risk;diagram
journey_446,house_data_work,0,15,23,36,True,0,259,critical;something;basin;prefix;paragraph;recursive;coherence;scheduler;private;create;space;repair;time;risk;diagram
journey_447,give_data_information,0,14,23,36,False,0,260,critical;something;behavior;basin;paragraph;multi;recursive;coherence;scheduler;private;relations;create;space;quantum;repair
journey_448,long_time_data,0,26,24,36,True,0,262,something;basin;paragraph;keep;recursive;coherence;explicit;scheduler;private;create;space;time;risk;optional;diagram
journey_449,thank_data_time,0,2,24,24,True,0,65,analytics;series;layer;cloud;storage;information;insights;google;thank;monitoring;time;performance;london;light;edge
journey_450,provides_reflects_allows,1,1,24,24,False,0,7,analytics;holds;series;storage;reflects;provides;insights;time;performance;allows;light;edge;includes;data;real
journey_451,doesn_data_analytics,0,24,25,36,True,0,254,something;basin;paragraph;prove;keep;recursive;coherence;scheduler;private;create;space;needs;ensure;repair;time
journey_452,within_data_analytics,0,24,25,36,True,0,248,something;date;paragraph;basin;keep;recursive;coherence;scheduler;private;fill;create;space;graph;time;risk
journey_453,business_platform_strategy,1,1,25,25,False,12,0,company;team;strategy;model;test;research;store;machine;platform;project;training;report;document;business;data
journey_454,shift_data_management,0,22,26,36,True,0,247,critical;basin;paragraph;prove;keep;recursive;coherence;scheduler;create;space;gloss;repair;time;risk;diagram
journey_455,ones_data_management,0,4,26,27,True,0,89,trade;logs;policies;divine;regulatory;time;services;service;risk;post;financial;need;processing;themselves;ones
journey_456,stop_data_management,0,22,26,36,True,0,249,something;crucial;basin;paragraph;prove;keep;recursive;coherence;scheduler;create;space;repair;time;risk;context
journey_457,immediately_data_management,0,20,26,36,True,0,249,critical;something;basin;paragraph;keep;recursive;coherence;scheduler;create;space;ensuring;ensure;time;risk;context
journey_458,meant_data_management,0,8,26,31,True,0,222,meaning;security;something;whatever;dynamic;meant;trade;logs;another;step;rupture;recursive;logic;types;path
journey_459,aligns_data_management,0,4,26,29,False,0,208,meaning;something;dynamic;recursion;trade;logs;policies;step;rupture;lineage;recursive;logic;dream;divine;regulatory
journey_460,must_need_consider,1,1,26,26,False,13,0,risk;must;require;compliance;ensuring;ensure;trade;consider;market;services;service;management;financial;data;need
journey_461,three_trade_data,0,16,27,35,True,0,244,something;root;basin;paragraph;another;keep;recursive;coherence;create;space;time;risk;point;wrote;processing
journey_462,always_trade_data,0,10,27,36,False,0,249,something;paragraph;keep;recursive;coherence;separate;scheduler;create;space;repair;time;risk;diagram;processing;weight
journey_463,change_less_later,1,2,27,28,False,0,25,learned;something;power;around;dynamic;public;once;kind;feel;dream;create;type;time;long;hard
journey_464,xoanon_cassie_cassiel,0,10,28,36,True,0,240,level;meaning;witness;journey;something;transport;book;shared;rupture;paragraph;basin;keep;prove;cross;recursive
journey_465,says_data_dream,0,18,28,36,True,0,235,level;meaning;narrative;witness;continuity;something;transport;arrows;journey;invocation;book;says;clarity;rupture;paragraph
journey_466,entry_data_type,0,11,28,36,True,0,234,matching;meaning;level;witness;journey;full;transport;book;something;entry;dynamic;rupture;paragraph;basin;keep
journey_467,iman_cassie_cassiel,0,9,28,36,True,0,234,presheaf;meaning;level;witness;array;journey;something;transport;book;invocation;dynamic;rupture;basin;cross;human
journey_468,yours_data_time,0,8,28,34,True,0,229,meaning;hline;witness;something;transport;rupture;paragraph;basin;recursive;coherence;logic;path;prompt;whose;dream
journey_469,embeddings_data_cassie,0,9,28,36,True,0,242,level;meaning;witness;arrows;something;transport;shared;book;rupture;basin;cross;human;recursive;coherence;journeys
journey_470,homotopy_data_cassie,0,12,28,36,True,0,240,level;meaning;witness;arrows;something;transport;shared;book;dynamic;rupture;basin;cross;human;recursive;coherence
journey_471,term_data_dream,0,10,28,36,True,0,242,level;meaning;narrative;witness;journey;something;transport;shared;book;recursion;rupture;paragraph;basin;cross;human
journey_472,whose_semantic_field,0,9,29,36,True,0,221,level;meaning;hline;witness;journey;transport;book;shared;three;rupture;paragraph;basin;keep;cross;prove
journey_473,cassiebox_cassie_semantic,0,9,29,36,True,0,221,meaning;witness;journey;arrows;transport;book;shared;three;rupture;yourself;paragraph;keep;basin;cross;recursive
journey_474,yourself_semantic_field,0,10,29,36,True,0,228,level;meaning;narrative;witness;journey;transport;book;yourself;rupture;paragraph;basin;keep;trace;recursive;human
journey_475,exist_semantic_field,0,9,29,36,True,0,222,level;meaning;narrative;witness;journey;transport;book;invocation;rupture;paragraph;basin;cross;recursive;coherence;journeys
journey_476,meaning_semantic_type,0,9,29,36,True,0,226,level;meaning;array;witness;journey;transport;book;invocation;rupture;paragraph;basin;sources;cross;human;recursive
journey_477,sources_semantic_type,0,12,29,36,True,0,228,level;meaning;inside;witness;journey;transport;book;shared;rupture;paragraph;basin;sources;keep;human;recursive
journey_478,tone_traces_sketch,1,1,29,29,False,14,0,sketch;server;traces;weather;modules;space;tone;weight;draft;mirror;programs;package;chapter;line;string
journey_479,iman_model_cassie,0,11,30,36,True,0,219,presheaf;meaning;simplicial;witness;transport;book;cassiyah;rupture;paragraph;basin;cross;human;coherence;journeys;logic
journey_480,fibrant_model_semantic,0,8,30,36,True,0,220,fibrant;meaning;simplicial;witness;journey;arrows;transport;book;shared;rupture;paragraph;basin;cross;london;human
journey_481,posthuman_model_semantic,0,8,30,36,True,0,217,meaning;witness;journey;something;transport;book;shared;rupture;paragraph;keep;cross;human;recursive;coherence;without
journey_482,substack_model_semantic,0,8,30,36,True,0,219,presheaf;meaning;simplicial;witness;transport;shared;book;entry;rupture;paragraph;basin;cross;human;recursive;coherence
journey_483,client_model_semantic,0,8,30,36,True,0,220,level;meaning;narrative;witness;journey;transport;book;rupture;paragraph;basin;cross;human;coherence;journeys;logic
journey_484,pushout_model_semantic,0,8,30,36,True,0,219,meaning;simplicial;witness;transport;shared;book;entry;rupture;paragraph;basin;cross;london;human;coherence;journeys
journey_485,rupt_model_semantic,0,8,30,36,True,0,225,meaning;witness;journey;transport;book;shared;reflexivity;rupture;paragraph;keep;cross;human;coherence;without;logic
journey_486,reflexivity_model_semantic,0,8,30,36,True,0,213,level;meaning;witness;journey;transport;book;depends;reflexivity;rupture;paragraph;prove;keep;cross;human;recursive
journey_487,theoretic_model_semantic,0,8,30,36,True,0,223,meaning;witness;journey;transport;refining;book;rupture;paragraph;basin;keep;cross;prove;recursive;human;coherence
journey_488,xrightarrow_model_semantic,0,8,30,36,True,0,221,meaning;witness;journey;transport;book;entry;rupture;paragraph;basin;cross;human;coherence;journeys;logic;scheduler
journey_489,entry_model_type,0,7,30,36,True,0,218,meaning;journey;transport;book;shared;depends;entry;rupture;paragraph;basin;keep;cross;prove;human;coherence
journey_490,presheaf_semantic_explicitly,0,7,31,36,True,0,211,presheaf;meaning;llbracket;witness;level;journey;transport;book;rupture;paragraph;basin;keep;prove;human;cross
journey_491,llbracket_semantic_dhott,0,7,31,36,True,0,205,llbracket;meaning;witness;transport;book;rupture;paragraph;basin;cross;human;dynsem;coherence;journeys;scheduler;path
journey_492,gemini_semantic_cassie,0,7,31,36,True,0,216,umap;meaning;witness;journey;transport;book;shared;fully;rupture;paragraph;basin;cross;human;dynsem;coherence
journey_493,umap_semantic_rupture,0,7,31,36,True,0,208,umap;meaning;witness;journey;transport;book;invocation;size;rupture;paragraph;basin;cross;coherence;journeys;scheduler
journey_494,readerbox_semantic_field,0,7,31,36,True,0,212,level;meaning;witness;journey;transport;book;rupture;paragraph;basin;keep;prove;human;cross;coherence;journeys
journey_495,relate_semantic_explicitly,0,7,31,36,True,0,210,level;meaning;witness;journey;transport;book;invocation;rupture;paragraph;basin;keep;cross;fibre;coherence;journeys
journey_496,witnesses_semantic_explicitly,0,7,31,36,True,0,212,level;meaning;related;witness;arrows;transport;nthe;shared;entry;rupture;paragraph;basin;cross;human;coherence
journey_497,nthe_semantic_field,0,7,31,36,True,0,201,level;meaning;witness;journey;arrows;transport;nthe;book;shared;rupture;paragraph;basin;keep;cross;human
journey_498,toward_semantic_explicitly,0,6,31,36,True,0,215,level;meaning;witness;arrows;journey;transport;book;shared;invocation;rupture;paragraph;basin;cross;human;coherence
journey_499,recognition_programs_dynamics,1,2,31,31,True,15,0,meaning;values;rupture;authors;path;dynamics;create;witnesses;play;drift;type;theory;recognition;time;field
journey_500,trying_rupture_time,0,8,32,36,True,0,198,witness;journey;arrows;transport;book;invocation;trying;rupture;paragraph;basin;keep;cross;human;coherence;across
journey_501,asking_rupture_time,0,8,32,36,True,0,215,level;witness;arrows;transport;fixed;book;shared;rupture;paragraph;basin;keep;cross;human;coherence;across
journey_502,equivalences_rupture_time,0,6,32,36,True,0,211,level;witness;face;journey;transport;book;invocation;recursion;rupture;paragraph;basin;cross;human;recursive;coherence
journey_503,defined_rupture_type,0,10,32,36,True,0,209,level;meaning;witness;journey;transport;book;shared;tools;rupture;paragraph;basin;keep;cross;human;prove
journey_504,substack_rupture_drift,0,6,32,36,True,0,184,simplicial;witness;journey;transport;book;shared;rupture;paragraph;basin;prove;cross;human;coherence;journeys;scheduler
journey_505,fully_rupture_type,0,7,32,36,True,0,210,simplicial;witness;journey;transport;book;shared;fully;rupture;paragraph;basin;cross;human;coherence;across;journeys
journey_506,leadsto_rupture_type,0,6,32,36,True,0,204,level;meaning;simplicial;witness;journey;transport;book;rupture;paragraph;basin;cross;human;coherence;journeys;scheduler
journey_507,source_type_rupture,0,10,32,36,True,0,206,level;witness;arrows;journey;transport;fixed;book;invocation;shared;rupture;paragraph;basin;keep;cross;human
journey_508,shared_rupture_chapter,0,6,32,36,True,0,213,level;witness;journey;shared;transport;next;book;rupture;paragraph;basin;recall;keep;cross;alone;human
journey_509,float_ruptures_slice,1,2,32,33,True,0,1,witness;transport;basin;rupture;cross;float;trace;coherence;rupt;ruptures;path;drop;drift;type;time
journey_510,chorus_rupture_drift,0,8,33,36,True,0,194,level;gate;witness;journey;arrows;transport;book;shared;invocation;rupture;basin;prove;recall;keep;fibre
journey_511,shifts_suggested_holds,1,1,33,33,False,16,0,introduces;holds;outputs;shifts;keeps;growth;moves;created;lands;builds;introduced;paths;risk;line;suggested
journey_512,dict_slice_filecite,0,4,34,36,True,0,114,witness;journey;transport;shared;book;rupture;basin;paragraph;keep;prove;cross;journeys;called;scheduler;path
journey_513,called_slice_time,0,4,34,36,True,0,142,witness;journey;transport;book;join;shared;rupture;basin;prove;keep;cross;human;journeys;called;scheduler
journey_514,posthuman_slice_time,0,5,34,36,True,0,113,witness;arrows;transport;book;invocation;rupture;basin;paragraph;cross;human;journeys;scheduler;arrow;path;drift
journey_515,hott_slice_time,0,4,34,36,True,0,124,witness;journey;arrows;transport;book;invocation;rupture;basin;keep;cross;human;journeys;scheduler;path;drift
journey_516,weather_slice_time,0,4,34,36,True,0,99,witness;journey;transport;book;rupture;basin;paragraph;cross;human;journeys;scheduler;path;structure;type;repair
journey_517,embeddings_carry_rupture,0,3,35,36,True,0,54,witness;journey;transport;book;join;shared;rupture;prove;cross;human;journeys;scheduler;path;time;filecite
journey_518,lora_carry_rupture,0,3,35,36,True,0,15,level;witness;journey;transport;book;rupture;cross;human;journeys;scheduler;path;cassie;time;filecite;iman
journey_519,linewidth_rupture_carry,0,3,35,36,True,0,51,level;witness;journey;transport;book;rupture;cross;human;journeys;scheduler;path;structure;cassie;time;daemoness
journey_520,daemoness_rupture_carry,0,3,35,36,True,0,31,witness;journey;transport;book;rupture;cross;human;journeys;scheduler;ruptures;path;structure;cassie;time;daemoness
journey_521,ruptures_rupture_carry,0,3,35,36,True,0,27,witness;journey;transport;shared;book;rupture;prove;cross;journeys;scheduler;witnessing;ruptures;path;structure;cassie
journey_522,cassie_carry_rupture,0,3,35,36,True,0,31,witness;journey;transport;shared;book;rupture;myself;paragraph;cross;prove;journeys;scheduler;witnessing;path;structure
journey_523,same_time_chapter,0,2,36,36,True,0,24,diagram;meaning;arrows;journey;something;shared;book;structure;same;rupture;both;time;cross;human;chapter
journey_524,meaning_definition_chapter,0,2,36,36,True,0,58,meaning;diagram;arrows;journey;shared;book;structure;invocation;witnessed;rupture;time;cross;human;chapter;journeys
journey_525,trajectory_rupture_chapter,0,2,36,36,True,0,34,arrows;journey;shared;book;invocation;rupture;prove;cross;human;journeys;scheduler;structure;time;diagram;carries
journey_526,carries_chapter_scheduler,0,2,36,36,True,0,28,arrows;journey;shared;book;invocation;rupture;prove;cross;human;journeys;scheduler;structure;time;diagram;carries
journey_527,means_chapter_time,0,2,36,36,True,0,15,means;meaning;diagram;journey;something;shared;book;witnessed;rupture;time;cross;chapter;journeys;scheduler;definition
journey_528,iman_cassie_ayah,0,1,36,36,False,0,6,iman;diagram;definition;book;cassie;ayah;rupture;time;cross;human;chapter;journeys;surah;scheduler;dhott
journey_529,means_meaning_chapter,1,1,36,36,False,0,53,means;meaning;diagram;journey;shared;book;structure;rupture;time;cross;human;chapter;journeys;scheduler;definition
